<?xml version="1.0" encoding="UTF-8"?>
<rss version="2.0" xmlns:ror="http://rorweb.com/0.1/" >
<channel>
  <title>ROR Sitemap for https://0cd96c029401.ngrok.io/</title>
  <link>https://0cd96c029401.ngrok.io/</link>

<item>
     <link>https://0cd96c029401.ngrok.io/</link>
     <title>Aga Khan High School</title>
     <description>Aga Khan High School</description>
     <ror:updatePeriod></ror:updatePeriod>
     <ror:sortOrder>0</ror:sortOrder>
     <ror:resourceOf>sitemap</ror:resourceOf>
</item>
<item>
     <link>https://0cd96c029401.ngrok.io/index.html</link>
     <title>Aga Khan High School</title>
     <description>Aga Khan High School</description>
     <ror:updatePeriod></ror:updatePeriod>
     <ror:sortOrder>1</ror:sortOrder>
     <ror:resourceOf>sitemap</ror:resourceOf>
</item>
<item>
     <link>https://0cd96c029401.ngrok.io/about.html</link>
     <title>About-Us-Aga Khan High School</title>
     <description>About-Us-Aga Khan High School</description>
     <ror:updatePeriod></ror:updatePeriod>
     <ror:sortOrder>1</ror:sortOrder>
     <ror:resourceOf>sitemap</ror:resourceOf>
</item>
<item>
     <link>https://0cd96c029401.ngrok.io/courses.html</link>
     <title>Courses</title>
     <description>Courses</description>
     <ror:updatePeriod></ror:updatePeriod>
     <ror:sortOrder>1</ror:sortOrder>
     <ror:resourceOf>sitemap</ror:resourceOf>
</item>
<item>
     <link>https://0cd96c029401.ngrok.io/news.html</link>
     <title>News and Events</title>
     <description>News and Events</description>
     <ror:updatePeriod></ror:updatePeriod>
     <ror:sortOrder>1</ror:sortOrder>
     <ror:resourceOf>sitemap</ror:resourceOf>
</item>
<item>
     <link>https://0cd96c029401.ngrok.io/fee.html</link>
     <title>Fees</title>
     <description>Fees</description>
     <ror:updatePeriod></ror:updatePeriod>
     <ror:sortOrder>1</ror:sortOrder>
     <ror:resourceOf>sitemap</ror:resourceOf>
</item>
<item>
     <link>https://0cd96c029401.ngrok.io/contact.html</link>
     <title>Contact-Us</title>
     <description>Contact-Us</description>
     <ror:updatePeriod></ror:updatePeriod>
     <ror:sortOrder>1</ror:sortOrder>
     <ror:resourceOf>sitemap</ror:resourceOf>
</item>
<item>
     <link>https://0cd96c029401.ngrok.io/ahmed.html</link>
     <title>News and Events</title>
     <description>News and Events</description>
     <ror:updatePeriod></ror:updatePeriod>
     <ror:sortOrder>1</ror:sortOrder>
     <ror:resourceOf>sitemap</ror:resourceOf>
</item>
<item>
     <link>https://0cd96c029401.ngrok.io/uhuru.html</link>
     <title>News and Events</title>
     <description>News and Events</description>
     <ror:updatePeriod></ror:updatePeriod>
     <ror:sortOrder>1</ror:sortOrder>
     <ror:resourceOf>sitemap</ror:resourceOf>
</item>
<item>
     <link>https://0cd96c029401.ngrok.io/covid.html</link>
     <title>News and Events</title>
     <description>News and Events</description>
     <ror:updatePeriod></ror:updatePeriod>
     <ror:sortOrder>1</ror:sortOrder>
     <ror:resourceOf>sitemap</ror:resourceOf>
</item>
</channel>
</rss>
  